feature,0-3h,3-6h,6-12h,12-24h,24-48h
HR,0.11850191377527206,0.10057989720983637,0.08611682771738971,0.05940326081146149,0.045213613897879576
O2Sat,0.02846153012826588,0.02378091792231841,0.009890638220133136,0.016308105063597315,0.02009987693477819
Temp,0.23573772570567847,0.1663144736513098,0.11427964504402043,0.11371239440230382,0.09416791124821586
SBP,0.013181226599800403,0.00891043586501441,0.011775291197041635,0.006994788520134562,0.004469596869111127
MAP,0.017160755783539032,0.01811247633361468,0.010260221973546955,0.010765028836875048,0.004708824915311767
DBP,0.00839653973095353,0.012260590678140535,0.009454385458021783,0.017484893685025638,0.022037348060756388
Resp,0.13316955182777868,0.1287863088594995,0.11446258290433467,0.08291477343147213,0.0685649609175902
EtCO2,0.02232468592954043,0.023585958867531984,0.02296173137270316,0.027098749204947238,0.03592852791542604
BaseExcess,0.20834534106237312,0.19921587795438106,0.1841810591987431,0.19962982739167845,0.1935172049208294
HCO3,0.09513918023935097,0.08318930436672589,0.07302075312079064,0.073360762352411,0.07312753012725151
FiO2,0.43520413052779494,0.40185374822456277,0.3463261261872974,0.3976448260082302,0.4631886420886706
pH,0.4446429497597554,0.295743367669557,0.2654925797266502,0.32048560715839713,0.43891085652410144
PaCO2,0.2019649569778229,0.2035392814535599,0.17841130603009367,0.1794599786708023,0.19807565262262244
SaO2,0.14865882618016657,0.13694827002602988,0.11636291916004318,0.14456651391712053,0.1657910803978723
AST,0.23388816251520844,0.18337923058283231,0.17662430159536147,0.17736563378622827,0.18829282652939805
BUN,0.22461505062324194,0.17235696246025878,0.17050082852968268,0.18600550434673402,0.19770156270832717
Alkalinephos,0.18235622991430644,0.13116675424196172,0.14623125396638795,0.13300949988862432,0.1335308786326104
Calcium,0.18342807194665273,0.14069142872625032,0.13621963235539497,0.1530832676146338,0.14548654790615512
Chloride,0.19142458864684686,0.08614586352606918,0.06919827410364142,0.07410252165805656,0.08882791743986451
Creatinine,0.142293182924289,0.1312739245009236,0.12036519382645955,0.15041835610820936,0.16117799571005048
Bilirubin_direct,0.0,0.0,0.0,0.0,0.0
Glucose,0.07216140000101914,0.05353208967685219,0.034445787598444286,0.05615112526253767,0.05941294924131442
Lactate,0.30726095293409894,0.29418750784792075,0.27024357823714523,0.2954468593079489,0.3131001187341214
Magnesium,0.22464319635270247,0.17114235626770954,0.17352616706448032,0.2085117094621154,0.23070366208942233
Phosphate,0.32021094343955897,0.26430258210188334,0.2648174482935792,0.2818447231007902,0.31593889276565346
Potassium,0.1037564833894605,0.0732506615337448,0.05527456022067606,0.06644477804618833,0.07971997683295756
Bilirubin_total,0.1905207832578821,0.13201351451232426,0.14739083581606383,0.14473694919221775,0.15968804512848397
TroponinI,0.0013507918620509244,0.000698260304049367,0.0003829909262516127,0.0005077994154232004,0.0003328400150520647
Hct,0.1552011335077217,0.12133504851433519,0.1012535302313618,0.12094640880275928,0.14034048981141575
Hgb,0.1892104242797027,0.1486338883256388,0.12527800858640645,0.1615561215442491,0.17077420655950876
PTT,0.16079134448525884,0.14375967748040475,0.1284240439823342,0.14095251439425704,0.12342240731920742
WBC,0.2283882304087563,0.1408910360066355,0.12362291738351891,0.14304445586392972,0.15086481990432263
Fibrinogen,0.07441778734325454,0.07596004772492936,0.06102085600603487,0.07016880105213939,0.0972947974170218
Platelets,0.17662861805705982,0.13407943227430058,0.03021749598628035,0.02453639242801962,0.16763739372370387
Age,0.0030354510491557908,0.00228408873196282,0.0034953843220647965,0.004121750669914996,0.011955293811144284
Gender,0.0,0.0,0.0,0.0,0.0
HR_measured,0.0,0.0,0.0,0.0,0.0
O2Sat_measured,0.0,0.0,0.0,0.0,0.0
Temp_measured,0.0,0.0,0.0,0.0,0.0
SBP_measured,0.0,0.0,0.0,0.0,0.0
MAP_measured,0.0,0.0,0.0,0.0,0.0
DBP_measured,0.0,0.0,0.0,0.0,0.0
Resp_measured,0.0,0.0,0.0,0.0,0.0
EtCO2_measured,0.0,0.0,0.0,0.0,0.0
BaseExcess_measured,0.0,0.0,0.0,0.0,0.0
HCO3_measured,0.0,0.0,0.0,0.0,0.0
FiO2_measured,0.0,0.0,0.0,0.0,0.0
pH_measured,0.0,0.0,0.0,0.0,0.0
PaCO2_measured,0.0,0.0,0.0,0.0,0.0
SaO2_measured,0.0,0.0,0.0,0.0,0.0
AST_measured,0.0,0.0,0.0,0.0,0.0
BUN_measured,0.0,0.0,0.0,0.0,0.0
Alkalinephos_measured,0.0,0.0,0.0,0.0,0.0
Calcium_measured,0.0,0.0,0.0,0.0,0.0
Chloride_measured,0.0,0.0,0.0,0.0,0.0
Creatinine_measured,0.0,0.0,0.0,0.0,0.0
Bilirubin_direct_measured,0.0,0.0,0.0,0.0,0.0
Glucose_measured,0.0,0.0,0.0,0.0,0.0
Lactate_measured,0.0,0.0,0.0,0.0,0.0
Magnesium_measured,0.0,0.0,0.0,0.0,0.0
Phosphate_measured,0.0,0.0,0.0,0.0,0.0
Potassium_measured,0.0,0.0,0.0,0.0,0.0
Bilirubin_total_measured,0.0,0.0,0.0,0.0,0.0
TroponinI_measured,0.0,0.0,0.0,0.0,0.0
Hct_measured,0.0,0.0,0.0,0.0,0.0
Hgb_measured,0.0,0.0,0.0,0.0,0.0
PTT_measured,0.0,0.0,0.0,0.0,0.0
WBC_measured,0.0,0.0,0.0,0.0,0.0
Fibrinogen_measured,0.0,0.0,0.0,0.0,0.0
Platelets_measured,0.0,0.0,0.0,0.0,0.0
HR_hours_since,0.0024998556096685726,0.002941089939622515,0.0048530889625410705,0.009649124925266952,0.01100499003788137
O2Sat_hours_since,0.0043440418223582656,0.006580367053942692,0.011886241702897237,0.015962999302216906,0.018726719732876637
Temp_hours_since,0.00874262329548213,0.016549620244569255,0.002775425705194146,0.004525353687020546,0.008304898235203053
SBP_hours_since,0.009098145599297535,0.011558534298548856,0.011766939223606096,0.0136811656798282,0.013488327992199265
MAP_hours_since,0.003940373888031606,0.005855258176735266,0.008124397262383178,0.011753540040501727,0.014546455496436947
DBP_hours_since,0.003300168164255599,0.00597199272990522,0.007451064074963629,0.006173544786782488,0.004482686690536305
Resp_hours_since,0.005813885360840676,0.007059184550018637,0.006452717568517773,0.004762917880273949,0.006357087910121091
EtCO2_hours_since,0.0,0.0,0.0,0.0,0.010995691898826043
BaseExcess_hours_since,0.1793584783668637,0.17574059920111185,0.1489395096959389,0.17291752003167635,0.19036573524377565
HCO3_hours_since,0.10647635421271548,0.11064128289482582,0.08151336769431033,0.08406320587573404,0.08838248056708779
FiO2_hours_since,0.27238279166174106,0.2754790866073774,0.24115650422024543,0.2584455485473643,0.29572214315745765
pH_hours_since,0.30820605916771987,0.24096362867042134,0.2171532373004759,0.2480385056279717,0.31111296374508945
PaCO2_hours_since,0.27085230639566155,0.2537010573570812,0.23153963522583618,0.26643898044830444,0.27451592567054733
SaO2_hours_since,0.20641784628747314,0.19759602389074163,0.18113220398410892,0.2143153980793489,0.2209256041257061
AST_hours_since,0.2855432909272189,0.22936943830202627,0.21992316809658968,0.22555058645925924,0.24708718279403902
BUN_hours_since,0.1177498200641532,0.0892403769479672,0.06417791008259564,0.07426383480129295,0.08017780838097975
Alkalinephos_hours_since,0.28345760545063475,0.22887488897611694,0.22035423386347464,0.2210495784133126,0.24914486376505374
Calcium_hours_since,0.1970102021135688,0.1566804459383866,0.13578208966922425,0.16076149897856046,0.16847124525912072
Chloride_hours_since,0.14835953775115956,0.12109330096847036,0.09320739280732601,0.08502201542993872,0.08804214561938581
Creatinine_hours_since,0.12774329004307167,0.09640511668991525,0.07146217151952235,0.08755920454738869,0.09431547523296528
Bilirubin_direct_hours_since,0.0,0.0,0.0,0.0,0.0
Glucose_hours_since,0.06532017882447735,0.05290269781327919,0.027980188289472217,0.03372785105880333,0.03519211416339993
Lactate_hours_since,0.401192999530773,0.3926037487059785,0.3721825304316668,0.41039396785672577,0.4220563122114103
Magnesium_hours_since,0.17791166124023994,0.13434716312331985,0.12156031714396086,0.13274989777046797,0.14731597519766593
Phosphate_hours_since,0.30852755570582463,0.2585513728246384,0.2331012388981902,0.257837902006764,0.2882316183902594
Potassium_hours_since,0.0840228778032391,0.0579234095014796,0.037458449538968694,0.045132280375957665,0.05234246815141022
Bilirubin_total_hours_since,0.2826434380456336,0.23007595135669223,0.21228789878437523,0.21658031185976934,0.24056252781320014
TroponinI_hours_since,0.003683043315428021,0.002926406641747664,0.0023119526270498156,0.002419864845390517,0.002391263431724595
Hct_hours_since,0.13397740593498308,0.09943914110611585,0.07277593689223548,0.08519333505809373,0.08033185514173802
Hgb_hours_since,0.13832773949509772,0.10503607303457284,0.07664141316863,0.09881437775565854,0.09495844323255666
PTT_hours_since,0.2507803409148892,0.21017742008668588,0.2122519805233829,0.2326210385657816,0.237270471011303
WBC_hours_since,0.15585717133861735,0.10114862427805847,0.0821460845477154,0.08887520925171347,0.08396805397311446
Fibrinogen_hours_since,0.08722745141159305,0.0824537263470947,0.07582951211817757,0.09360851792566106,0.10794774613747404
Platelets_hours_since,0.15091805436151445,0.11408492959727717,0.07856925599950285,0.09084895835162092,0.10281873170276046
inflammation_score,0.13354543276644854,0.12553932667604573,0.09698508439041797,0.07551905950177723,0.05240978048811765
sepsis_screen_score,0.023811010664751837,0.015075606564714015,0.013042963446947189,0.0064899703700027934,0.003376789639908962
shock_index,0.07138815576541435,0.06143259163717185,0.05000780493956414,0.02957910303995901,0.025818053352119584
early_warning_score,0.1608843224926091,0.1483641077000578,0.1330367794070225,0.09475182117307938,0.07883859396378437
lactate_bp_ratio,0.30798260313955206,0.3042020875682839,0.27532720778113,0.2987448657275727,0.3095999699383755
HR_above_normal,0.0,0.0,0.0,0.0,0.0
HR_below_normal,0.0,0.0,0.0,0.0,0.0
HR_deviation_from_normal,0.11850191377527206,0.10057989720983637,0.08611682771738971,0.05940326081146149,0.045213613897879576
HR_abs_deviation_from_normal,0.06729247458968368,0.05934726806610057,0.05242780387075521,0.029855364331239816,0.02520783750614951
HR_drift_from_normal,0.01047194436828876,0.007541664914580665,0.0034902237805232066,0.0035931713970664674,0.004502405392019912
O2Sat_above_normal,0.0,0.0,0.0,0.0,0.0
O2Sat_below_normal,0.0,0.0,0.0,0.0,0.0
O2Sat_deviation_from_normal,0.03491687975512352,0.020467812653224997,0.012294129096012886,0.01634583865320059,0.019338814237117526
O2Sat_abs_deviation_from_normal,0.03327422437049866,0.023642150892630755,0.0127031989703704,0.01713964827899838,0.01971094800079561
O2Sat_drift_from_normal,0.003093431578931832,0.0035164317095351064,0.0011573633748660278,0.0005401416976863441,0.0011740266959121056
Temp_above_normal,0.0,0.0,0.0,0.0,0.0
Temp_below_normal,0.0,0.0,0.0,0.0,0.0
Temp_deviation_from_normal,0.1806023096752722,0.13845126404061883,0.10148975178019651,0.09639788279150058,0.08684388292126718
Temp_abs_deviation_from_normal,0.1499843143769285,0.1171001303312045,0.07447827883831144,0.07216438440902677,0.0690992752428887
Temp_drift_from_normal,0.014740267335109181,0.006439548450033123,0.0025298711989923703,0.00197575043836539,0.003647202404770092
SBP_above_normal,0.0,0.0,0.0,0.0,0.0
SBP_below_normal,0.0,0.0,0.0,0.0,0.0
SBP_deviation_from_normal,0.013418676832423768,0.005820218918124717,0.0060532011598366355,0.004087035442740315,0.0017487200117673157
SBP_abs_deviation_from_normal,0.006440686267730381,0.005920901987500612,0.005831421269733912,0.002979004613489573,0.0016699408247589464
SBP_drift_from_normal,0.005449250238757995,0.0017580129351857038,0.0019386603513125494,0.0012369835914598335,0.00218399828912289
MAP_above_normal,0.0,0.0,0.0,0.0,0.0
MAP_below_normal,0.0,0.0,0.0,0.0,0.0
MAP_deviation_from_normal,0.013269599034843128,0.017024067533361338,0.010355682712814425,0.010940254549206316,0.005183151490933092
MAP_abs_deviation_from_normal,0.005938925905098191,0.010279881394895116,0.004014614202693175,0.002197207886732201,0.0011985196841511334
MAP_drift_from_normal,0.015146967573648744,0.017096207380941256,0.011526131801119381,0.012101271924951211,0.01504288458547746
DBP_above_normal,0.0,0.0,0.0,0.0,0.0
DBP_below_normal,0.0,0.0,0.0,0.0,0.0
DBP_deviation_from_normal,0.011467783433072323,0.014402545338980955,0.011546945676250846,0.01984355503590799,0.024407299167283153
DBP_abs_deviation_from_normal,0.010784410944116632,0.008181693458360664,0.005613660426614118,0.014348434944614895,0.020730596459360835
DBP_drift_from_normal,0.009548056956567108,0.004202721419666954,0.0047518179262820495,0.013387489915589686,0.02092723640484442
Resp_above_normal,0.0,0.0,0.0,0.0,0.0
Resp_below_normal,0.0,0.0,0.0,0.0,0.0
Resp_deviation_from_normal,0.13413057097110193,0.1292504279507311,0.11225443722508935,0.07921239232406058,0.06423663520736458
Resp_abs_deviation_from_normal,0.1282808260265599,0.1258432875407773,0.11305000031008469,0.07850843048049247,0.06646487369711439
Resp_drift_from_normal,0.002997759509632268,0.008357706080690277,0.008393902253335958,0.005230817306910412,0.005592516220388806
EtCO2_above_normal,0.0,0.0,0.0,0.0,0.0
EtCO2_below_normal,0.0,0.0,0.0,0.0,0.0
EtCO2_deviation_from_normal,0.02232468592954043,0.023585958867531984,0.02296173137270316,0.027098749204947238,0.03592852791542604
EtCO2_abs_deviation_from_normal,0.056109005065667725,0.05212360390137183,0.04399411268216005,0.05025419993372188,0.052242583753610204
EtCO2_drift_from_normal,0.029107903754409175,0.03829627041733093,0.026276548526717694,0.031044877241953046,0.04351564186732648
BaseExcess_above_normal,0.0,0.0,0.0,0.0,0.0
BaseExcess_below_normal,0.0,0.0,0.0,0.0,0.0
BaseExcess_deviation_from_normal,0.20834534106237312,0.19921587795438106,0.1841810591987431,0.19962982739167845,0.1935172049208294
BaseExcess_abs_deviation_from_normal,0.14204180138640082,0.14945331566614733,0.12788034146685226,0.13639411007124297,0.1394285986692432
BaseExcess_drift_from_normal,0.0056385679113187,0.0045792983253060025,0.0036516842684895545,0.003178915392768335,0.004134676284273002
HCO3_above_normal,0.0,0.0,0.0,0.0,0.0
HCO3_below_normal,0.0,0.0,0.0,0.0,0.0
HCO3_deviation_from_normal,0.09513918023935097,0.08318930436672589,0.07302075312079064,0.073360762352411,0.07312753012725151
HCO3_abs_deviation_from_normal,0.07251253443306901,0.06885546995377154,0.05577640324217101,0.05651727572417761,0.07297945300472296
HCO3_drift_from_normal,0.0058553956008408755,0.004024577994937138,0.0023060423656683484,0.004218433812333158,0.0021689736636750874
FiO2_above_normal,0.0,0.0,0.0,0.0,0.0
FiO2_below_normal,0.0,0.0,0.0,0.0,0.0
FiO2_deviation_from_normal,0.43520413052779494,0.40185374822456277,0.3463261261872974,0.3976448260082302,0.4631886420886706
FiO2_abs_deviation_from_normal,0.4371809775869826,0.4040713091273528,0.34807875820951056,0.39986731646591267,0.4662921028360276
FiO2_drift_from_normal,0.0063915671518232076,0.0032358289658916345,0.003562569690992503,0.0035667596266633315,0.002643219528141581
pH_above_normal,0.0,0.0,0.0,0.0,0.0
pH_below_normal,0.0,0.0,0.0,0.0,0.0
pH_deviation_from_normal,0.4446429497597554,0.295743367669557,0.2654925797266502,0.32048560715839713,0.43891085652410144
pH_abs_deviation_from_normal,0.403124469544349,0.22514990914324906,0.18752750194738166,0.20398586238799596,0.39464672737499573
pH_drift_from_normal,0.0057041756593567815,0.0032927535836336026,0.00503924382731824,0.005507543810383653,0.007793939196331834
PaCO2_above_normal,0.0,0.0,0.0,0.0,0.0
PaCO2_below_normal,0.0,0.0,0.0,0.0,0.0
PaCO2_deviation_from_normal,0.2019649569778229,0.2035392814535599,0.17841130603009367,0.1794599786708023,0.19807565262262244
PaCO2_abs_deviation_from_normal,0.23791464884657706,0.23877326145757685,0.20108504496985677,0.236366940967386,0.26209956973147264
PaCO2_drift_from_normal,0.00924182587084292,0.004811278728070751,0.004959661524762485,0.004676133647470672,0.008018988211745797
SaO2_above_normal,0.0,0.0,0.0,0.0,0.0
SaO2_below_normal,0.0,0.0,0.0,0.0,0.0
SaO2_deviation_from_normal,0.1586572213933311,0.1377267190416287,0.11986762609651826,0.15149966273075666,0.1834968809247885
SaO2_abs_deviation_from_normal,0.14993389168428575,0.12892525142578626,0.11598075268410935,0.14469828568022275,0.16850273159124218
SaO2_drift_from_normal,0.00610205897973937,0.00034586144456478677,0.001679564861939556,0.000629501488872848,0.0016875223006903896
AST_above_normal,0.0,0.0,0.0,0.0,0.0
AST_below_normal,0.0,0.0,0.0,0.0,0.0
AST_deviation_from_normal,0.24922837752622184,0.1956592299389156,0.1892402365759853,0.19574282380886115,0.20307727806431802
AST_abs_deviation_from_normal,0.24078745616948644,0.18679658536796312,0.18561103105976495,0.18736622440540818,0.1974182732715134
AST_drift_from_normal,0.0018958310837700531,0.00020000014501992625,0.000858638278715136,0.0009481378954634138,0.000647793629632146
BUN_above_normal,0.0,0.0,0.0,0.0,0.0
BUN_below_normal,0.0,0.0,0.0,0.0,0.0
BUN_deviation_from_normal,0.2460640149972294,0.1892514847982531,0.17832610253401274,0.19511911542996419,0.21441486342162974
BUN_abs_deviation_from_normal,0.11630178918371759,0.0905922086595681,0.08106789459943577,0.1011331036465165,0.10376462506830708
BUN_drift_from_normal,0.002400909662403774,0.001003627685065136,0.0011685124996508294,0.0036504310526196157,0.003231500441039528
Alkalinephos_above_normal,0.0,0.0,0.0,0.0,0.0
Alkalinephos_below_normal,0.0,0.0,0.0,0.0,0.0
Alkalinephos_deviation_from_normal,0.18235622991430644,0.13116675424196172,0.14623125396638795,0.13300949988862432,0.1335308786326104
Alkalinephos_abs_deviation_from_normal,0.21426355282431148,0.15390262659481033,0.16371395802320443,0.16550394964410822,0.1798165784690054
Alkalinephos_drift_from_normal,0.002160775493137428,6.771176235496966e-05,0.0006519236744303722,0.000838681142467669,0.0016687015984693586
Calcium_above_normal,0.0,0.0,0.0,0.0,0.0
Calcium_below_normal,0.0,0.0,0.0,0.0,0.0
Calcium_deviation_from_normal,0.18342807194665273,0.14069142872625032,0.13621963235539497,0.1530832676146338,0.14548654790615512
Calcium_abs_deviation_from_normal,0.19082946423042255,0.14574840262407704,0.14369623918796376,0.16299630514357172,0.15182923892676026
Calcium_drift_from_normal,0.010583128488079657,0.0025977654129967945,0.002529725106630177,0.006507192054765763,0.005537540057508871
Chloride_above_normal,0.0,0.0,0.0,0.0,0.0
Chloride_below_normal,0.0,0.0,0.0,0.0,0.0
Chloride_deviation_from_normal,0.19142458864684686,0.08614586352606918,0.06919827410364142,0.07410252165805656,0.08882791743986451
Chloride_abs_deviation_from_normal,0.18005241673142486,0.07548569957295706,0.06258693583266395,0.06301607035426174,0.06113209505307837
Chloride_drift_from_normal,0.006428707111784397,0.0025912435076423336,0.0023344517817032416,0.00632462356637408,0.006050637669984898
Creatinine_above_normal,0.0,0.0,0.0,0.0,0.0
Creatinine_below_normal,0.0,0.0,0.0,0.0,0.0
Creatinine_deviation_from_normal,0.1733415529661375,0.14245752229928868,0.13222389802953985,0.15613362574657821,0.15863045429565026
Creatinine_abs_deviation_from_normal,0.09612196013532753,0.07828143639753779,0.06515608506947111,0.08859198903825762,0.09576640624872834
Creatinine_drift_from_normal,0.0036251473157299027,0.0012025068820477253,0.0012627936992385912,0.0018736555424678223,0.0020627574117873587
Bilirubin_direct_above_normal,0.0,0.0,0.0,0.0,0.0
Bilirubin_direct_below_normal,0.0,0.0,0.0,0.0,0.0
Bilirubin_direct_deviation_from_normal,0.0,0.0,0.0,0.0,0.0
Bilirubin_direct_abs_deviation_from_normal,0.05566865488958743,0.05249446619002027,0.053373074683149405,0.059695251279754544,0.07352988824928297
Bilirubin_direct_drift_from_normal,0.00010569902526149864,3.934954442039155e-05,2.70601121209253e-06,5.769073620556022e-05,0.0004965533738562189
Glucose_above_normal,0.0,0.0,0.0,0.0,0.0
Glucose_below_normal,0.0,0.0,0.0,0.0,0.0
Glucose_deviation_from_normal,0.07216140000101914,0.05353208967685219,0.034445787598444286,0.05615112526253767,0.05941294924131442
Glucose_abs_deviation_from_normal,0.09772797591340222,0.0613699390630909,0.04485235649611674,0.06012694137743051,0.06148372532598387
Glucose_drift_from_normal,0.004142590175598587,0.0006047679178544086,0.00010569542981111664,0.0011250107451564178,0.0014403682615921477
Lactate_above_normal,0.0,0.0,0.0,0.0,0.0
Lactate_below_normal,0.0,0.0,0.0,0.0,0.0
Lactate_deviation_from_normal,0.30726095293409894,0.29418750784792075,0.27024357823714523,0.2954468593079489,0.3131001187341214
Lactate_abs_deviation_from_normal,0.2919695542878701,0.2962785476134058,0.27895835312081735,0.27326061643729477,0.2904583596626986
Lactate_drift_from_normal,0.01027415893672549,0.006157647347689636,0.002852895124320333,0.004487883307359184,0.005381664059130425
Magnesium_above_normal,0.0,0.0,0.0,0.0,0.0
Magnesium_below_normal,0.0,0.0,0.0,0.0,0.0
Magnesium_deviation_from_normal,0.22464319635270247,0.17114235626770954,0.17352616706448032,0.2085117094621154,0.23070366208942233
Magnesium_abs_deviation_from_normal,0.17539602680232472,0.12490036172169365,0.14355835662481703,0.15875734904330951,0.15980806508028353
Magnesium_drift_from_normal,0.006681725365331444,0.0030885776531787332,0.00273341207930867,0.005719548509592455,0.00520072702035531
Phosphate_above_normal,0.0,0.0,0.0,0.0,0.0
Phosphate_below_normal,0.0,0.0,0.0,0.0,0.0
Phosphate_deviation_from_normal,0.32021094343955897,0.26430258210188334,0.2648174482935792,0.2818447231007902,0.31593889276565346
Phosphate_abs_deviation_from_normal,0.34292501400829467,0.17565408459594675,0.1734884851744668,0.19738816635093498,0.34600281673117583
Phosphate_drift_from_normal,0.009821947605503558,0.0036514762544601425,0.0032466808433713207,0.006757657822229869,0.0060347066823345594
Potassium_above_normal,0.0,0.0,0.0,0.0,0.0
Potassium_below_normal,0.0,0.0,0.0,0.0,0.0
Potassium_deviation_from_normal,0.1037564833894605,0.0732506615337448,0.05527456022067606,0.06644477804618833,0.07971997683295756
Potassium_abs_deviation_from_normal,0.12367863101792315,0.0858880765809701,0.05681483166014812,0.07887457954267342,0.10083870680028155
Potassium_drift_from_normal,0.010953502511811312,0.0021192637075724092,0.001857155460689843,0.003071690684043127,0.0037360163913084574
Bilirubin_total_above_normal,0.0,0.0,0.0,0.0,0.0
Bilirubin_total_below_normal,0.0,0.0,0.0,0.0,0.0
Bilirubin_total_deviation_from_normal,0.22575266528283547,0.17551697030130614,0.1668471714074036,0.17358328970831396,0.19044599653974748
Bilirubin_total_abs_deviation_from_normal,0.1808614171215271,0.14564875823522294,0.14440421157189237,0.15189812331963953,0.16349231905043643
Bilirubin_total_drift_from_normal,0.00032233689481505994,0.0011824579154779379,0.0002846980311474792,0.0010346017520693302,0.0017362317663618821
TroponinI_above_normal,0.0,0.0,0.0,0.0,0.0
TroponinI_below_normal,0.0,0.0,0.0,0.0,0.0
TroponinI_deviation_from_normal,0.0013507918620509244,0.000698260304049367,0.0003829909262516127,0.0005077994154232004,0.0003328400150520647
TroponinI_abs_deviation_from_normal,0.0013507918620509244,0.000698260304049367,0.0003829909262516127,0.0005077994154232004,0.0003328400150520647
TroponinI_drift_from_normal,0.00040883781896500096,0.00013324821711300827,0.0008504486220708098,0.0003739780868139075,0.0003543533083562133
Hct_above_normal,0.0,0.0,0.0,0.0,0.0
Hct_below_normal,0.0,0.0,0.0,0.0,0.0
Hct_deviation_from_normal,0.17571600963596,0.13059522968327236,0.10665380601784222,0.1335459434786513,0.14605113042131987
Hct_abs_deviation_from_normal,0.16575661842657055,0.12330258287628583,0.10609738888544937,0.12450456815562733,0.1389765913362197
Hct_drift_from_normal,0.001970415962006462,0.0015963208685090618,0.0005824761624608713,0.0006164082348628838,0.0014107660507842246
Hgb_above_normal,0.0,0.0,0.0,0.0,0.0
Hgb_below_normal,0.0,0.0,0.0,0.0,0.0
Hgb_deviation_from_normal,0.18332905571062494,0.14742822630788746,0.13266834366916963,0.1623642885262386,0.17693181747049308
Hgb_abs_deviation_from_normal,0.18186842039666096,0.14830148457808437,0.1291781041175529,0.16609181738230705,0.18309118788289663
Hgb_drift_from_normal,0.002715985477916596,0.0010149915547972314,0.0008660310922355374,0.0011729265191032776,0.001534163167932549
PTT_above_normal,0.0,0.0,0.0,0.0,0.0
PTT_below_normal,0.0,0.0,0.0,0.0,0.0
PTT_deviation_from_normal,0.16079134448525884,0.14375967748040475,0.1284240439823342,0.14095251439425704,0.12342240731920742
PTT_abs_deviation_from_normal,0.18433732757637064,0.16297587686774864,0.17440188732824963,0.18387198998311194,0.18754712414778826
PTT_drift_from_normal,0.002356746291473308,0.001992016829494306,0.0027624722364169747,0.003110151898073721,0.0035844516373370484
WBC_above_normal,0.0,0.0,0.0,0.0,0.0
WBC_below_normal,0.0,0.0,0.0,0.0,0.0
WBC_deviation_from_normal,0.22225490905066805,0.16505130919217675,0.14516433101616533,0.174893104412106,0.1778213847629892
WBC_abs_deviation_from_normal,0.15887716433671972,0.11614421793682926,0.10261408711940648,0.11952670260329834,0.1215926768943096
WBC_drift_from_normal,0.004162875527121158,0.003529759579674805,0.0021399119825281695,0.001889053863638904,0.004048974885630727
Fibrinogen_above_normal,0.0,0.0,0.0,0.0,0.0
Fibrinogen_below_normal,0.0,0.0,0.0,0.0,0.0
Fibrinogen_deviation_from_normal,0.07441778734325454,0.07596004772492936,0.06102085600603487,0.07016880105213939,0.0972947974170218
Fibrinogen_abs_deviation_from_normal,0.07587337722234935,0.07747204067385227,0.07056691001394068,0.07116592651768827,0.09705318082605519
Fibrinogen_drift_from_normal,0.0009930653248868826,0.0009059255774623387,0.000877730334302453,0.00017451277586009366,0.0014458704910430495
Platelets_above_normal,0.0,0.0,0.0,0.0,0.0
Platelets_below_normal,0.0,0.0,0.0,0.0,0.0
Platelets_deviation_from_normal,0.1801529964246765,0.13920866461665748,0.1228088716401598,0.16545182391410904,0.1734060811131004
Platelets_abs_deviation_from_normal,0.07103247048181623,0.055548297021858734,0.04613846864640548,0.056754334028756945,0.06668113273399284
Platelets_drift_from_normal,0.0026312726496904577,0.00031732786341149427,0.0004481498901092956,0.0015393041450085193,0.002032160095307046
HR_avg_6h,0.13253075237821757,0.10541792642602182,0.08895842007614427,0.06542953622403169,0.045807229866981505
HR_min_6h,0.14049312604029562,0.09473284675363754,0.07400845566586936,0.06091284982650675,0.05184489910471846
HR_max_6h,0.14184728241048297,0.10849596054285264,0.09259741166027528,0.07007343140701477,0.05488268674505728
HR_std_6h,0.004799072533273195,0.01101551472016904,0.006773254023319191,0.0036574250071895326,0.001916944816650775
O2Sat_avg_6h,0.03802033282885324,0.028068170755508253,0.01348986485237452,0.022325741302657506,0.029158297556133368
O2Sat_min_6h,0.06329480869831651,0.03890929305444517,0.016869896423072704,0.023502377624609508,0.02991832279164497
O2Sat_max_6h,0.049355219300569665,0.015749437343676682,0.01101427374705707,0.015585305512693215,0.018439072532372404
O2Sat_std_6h,0.02832156022209028,0.01761250228502871,0.008397957401194235,0.010363827587116087,0.010075302128068507
Temp_avg_6h,0.21152876426185918,0.1611510109929795,0.12322504417862393,0.11602253820296254,0.10534439307002935
Temp_min_6h,0.16551826710860312,0.13089678347406541,0.09128186633447086,0.09342566289660495,0.08626934705736469
Temp_max_6h,0.2357356771978015,0.17813093959379328,0.13679433558003978,0.1309503572970528,0.12341499926357172
Temp_std_6h,0.035829563277974055,0.030875670296569832,0.015362651305166933,0.017597336988814265,0.02202662149928876
SBP_avg_6h,0.021516630205156678,0.015026658675177967,0.018772805106474923,0.006273834268042127,0.006884340036097695
SBP_min_6h,0.022860532434405206,0.015417802057410878,0.005553482171678218,0.002655837587021071,0.004311774551427842
SBP_max_6h,0.020923279381422383,0.013305686703723089,0.01624788196580344,0.010252787952777297,0.010277061201760264
SBP_std_6h,0.01702735039677657,0.015657980168968813,0.02546781267589393,0.017691267056576563,0.015650210766784998
MAP_avg_6h,0.022352342276949738,0.02299490559744942,0.017856244384360908,0.012819790970724207,0.006553661018552637
MAP_min_6h,0.07410204017081524,0.04885888082717283,0.017813033302437324,0.01961558026391041,0.01907597149420659
MAP_max_6h,0.04412773497080721,0.026221159330763372,0.017759505994914295,0.011488821929151141,0.01014407773633077
MAP_std_6h,0.01722350870333348,0.010966770677795128,0.005972072458247872,0.009738001427845467,0.009635305554567297
DBP_avg_6h,0.017288151352952637,0.015024189373354657,0.012860849927088644,0.019920960211681063,0.02776815338983893
DBP_min_6h,0.03213449259502806,0.020373051037774047,0.01434467356473178,0.02575501202814429,0.045959242423336814
DBP_max_6h,0.015750183779223298,0.011521553642228531,0.010166146836994865,0.013957370015390986,0.021148298055259564
DBP_std_6h,0.006723074197766158,0.0035261978905244493,0.0016564046583726717,0.008098993708785028,0.014332238086722342
Resp_avg_6h,0.20617445316788358,0.19330306646684867,0.14764712659851836,0.12938812153759635,0.09798617815436686
Resp_min_6h,0.18922747333425335,0.15949757147072174,0.12935057441176595,0.12315080132310947,0.09486364391482005
Resp_max_6h,0.173898472568484,0.16606676072046078,0.1127240253975999,0.09360300900889189,0.08083990562996053
Resp_std_6h,0.009886147893765927,0.017447715446026284,0.016907708657693952,0.008631303602839065,0.011967097151661023
EtCO2_avg_6h,0.025840705091723933,0.024429292207259486,0.024738270059559274,0.029774799817974974,0.0406558573515185
EtCO2_min_6h,0.019467750632912603,0.017551833316060167,0.017021247393101957,0.020018545686722563,0.025434305236690862
EtCO2_max_6h,0.03654850975060597,0.031387873019233424,0.03115322036090285,0.038160532824650636,0.04867798789057083
EtCO2_std_6h,0.0,0.0,0.0,0.0,0.0
Lactate_avg_6h,0.35682585652317084,0.33794054816423025,0.3006018067814999,0.3270557136558997,0.3376742302409837
Lactate_min_6h,0.40368071195141525,0.37828430280211084,0.3481171357132643,0.3706149784174278,0.4022182152324818
Lactate_max_6h,0.3119196038518266,0.3013086186957059,0.2754056980950456,0.2948072684720509,0.2685039295675766
Lactate_std_6h,0.0,0.0,0.0,0.0,0.0
WBC_avg_6h,0.25402803894882975,0.17828398997809503,0.15380380984468445,0.18130026102520896,0.19094362954307678
WBC_min_6h,0.21898489229104007,0.1805057919955469,0.15299815771618847,0.17246330318517053,0.19032315868592797
WBC_max_6h,0.2249814699247386,0.13912133399831156,0.1246350998096814,0.14798019963822237,0.15326727950400137
WBC_std_6h,0.040264810847477676,0.023217852424617116,0.019506910556550756,0.025707759237578204,0.03231567209701536
Creatinine_avg_6h,0.20998866208239642,0.14316836136723876,0.12169047970589196,0.15915637317971387,0.1752720253773184
Creatinine_min_6h,0.25331983815628273,0.20365976549896916,0.07573213986508072,0.1924243222733973,0.2081413679469494
Creatinine_max_6h,0.1474227322145454,0.13218730620937438,0.12335144221745031,0.14884814845557418,0.15821439179792748
Creatinine_std_6h,0.038853968347844645,0.028670075398844794,0.016347825222468346,0.019673728648177922,0.01830792556972352
Platelets_avg_6h,0.17672771928033865,0.1211338010937126,0.04980900750550434,0.045784441838277234,0.14272609164738975
Platelets_min_6h,0.0900601521215485,0.057379131315788034,0.04586064028731219,0.044848621473478276,0.047030700888772155
Platelets_max_6h,0.1804188046261601,0.1370871911938271,0.023243858185353725,0.024339365349167752,0.17207239943914004
Platelets_std_6h,0.05333055724505279,0.0387660913093305,0.02257943745042252,0.028869913562610913,0.037578244842774784
inflammation_score_avg_6h,0.15671406812159666,0.15191429659792738,0.1103634121633604,0.09601270165323574,0.0671990892885649
inflammation_score_min_6h,0.13786491038564178,0.11131685120913251,0.08354490832053602,0.0792578248557229,0.05877468817970395
inflammation_score_max_6h,0.13346126072211237,0.12157334752898516,0.08720906390471968,0.07074785291137888,0.04897001174664028
inflammation_score_std_6h,0.0057981438559127196,0.004441053767018312,0.0031384880822858258,0.0020050614221003888,0.0015790311358412931
sepsis_screen_score_avg_6h,0.15571862169949782,0.14265557339294738,0.1087277422638478,0.08631235970996319,0.06327948901841196
sepsis_screen_score_min_6h,0.008887205146770766,0.006651402663245928,0.005125431779596977,0.0009252284684786797,0.001418396053631016
sepsis_screen_score_max_6h,0.0319715716918191,0.02452972963319492,0.01828328313905702,0.011713610495124878,0.010805161737909727
sepsis_screen_score_std_6h,0.00290041121279117,0.002233108073496733,0.0007690864449341091,0.000499612875941774,0.00011819167178844363
shock_index_avg_6h,0.08816918158139624,0.07715675850347667,0.05176022357740484,0.03337411262661736,0.03003708069276717
shock_index_min_6h,0.10058273726168007,0.06128987490264219,0.043854082232272426,0.03076413694426688,0.03202630927462485
shock_index_max_6h,0.09142409632180527,0.0749877636184533,0.050943375977172065,0.03849374259872662,0.033682334968420505
shock_index_std_6h,0.01029495719934565,0.013958069858081828,0.012447248942922618,0.005650369993719308,0.005723026751427285
early_warning_score_avg_6h,0.2377630042740068,0.23168764123458385,0.1717204296688952,0.14318202985242973,0.1171796422220431
early_warning_score_min_6h,0.2030962924822825,0.16151570027335274,0.13676795156982324,0.10920154535349343,0.09652688676126124
early_warning_score_max_6h,0.20334731376228415,0.17155011684357357,0.1296986574119061,0.1085025090664679,0.095604297678333
early_warning_score_std_6h,0.028453316962037095,0.02763639984768622,0.019122876864080856,0.01679568550178927,0.0186118959526398
lactate_bp_ratio_avg_6h,0.35132771357134407,0.340322575113503,0.2963977119824006,0.32074011202734604,0.33978185708460096
lactate_bp_ratio_min_6h,0.41668081393054773,0.38456444765285164,0.3474475294555087,0.3820974315839025,0.40255063697573656
lactate_bp_ratio_max_6h,0.32791579515993996,0.3112354442011818,0.28570009747918856,0.30343741595908025,0.31152046956053214
lactate_bp_ratio_std_6h,0.3221377864687602,0.30813332650608766,0.29478160585513424,0.3154050378543912,0.3287638801336643
HR_hourly_change,0.019259881675785614,0.013700381713325308,0.006236587473273139,0.005301986776395793,0.007391116285620533
O2Sat_hourly_change,0.0017952569096605928,0.007637177633467251,0.0008069995774096283,0.0007773731355116857,0.0016711799305939965
Temp_hourly_change,0.00795033028441292,0.004499651885469845,0.002482570023006691,0.0011537975676282732,0.003304319382802566
SBP_hourly_change,0.005409379061862938,0.0039013238805670554,0.003294741783540892,0.0030450886672465567,0.003625963999266048
MAP_hourly_change,0.015826319163121372,0.017041201660959883,0.010865364406264882,0.014408783408514304,0.01679147613599299
DBP_hourly_change,0.009744615484268892,0.004235018848669873,0.005989897578015229,0.014716315743209819,0.021841646689220718
Resp_hourly_change,0.0022974200335932533,0.00481216747430589,0.0038668961857660318,0.003441826086599082,0.0030486078649773966
EtCO2_hourly_change,0.028973066983256492,0.030772810206323484,0.027136462116896933,0.029906397769669486,0.04038306186969778
