feature,never_measured_rate,24-48h,12-24h,6-12h,3-6h,0-3h
FiO2,0.07273354116358213,0.1597191491872437,0.15709128865306832,0.158946891973446,0.16074653822998194,0.18660431437622568
Lactate,0.023282867561789652,0.04472372186329174,0.045796546775105466,0.048053711526855766,0.04741119807344973,0.0665258711721225
WBC,0.06284544732946391,0.07127474407764699,0.0710216152742139,0.07174109837054919,0.057495484647802526,0.0767838286317695
Creatinine,0.06002756654200253,0.06575803168421984,0.06554168660026964,0.06457453228726615,0.052528597230583986,0.07497360084477296
Resp,0.8433648966108898,0.8781013069003156,0.8665245944417866,0.8742456246228123,0.8628838049367851,0.8574445617740233
HR,0.8976736083524727,0.9355105171549105,0.9256295394250424,0.9351991550995775,0.920680313064419,0.9203499773721526
Temp,0.33645759001948317,0.3598843555476886,0.34266950811116426,0.3495775497887749,0.34030704394942807,0.33157338965153116
MAP,0.8706690389539583,0.9192258901967726,0.9110163962945245,0.9188292094146047,0.9048765803732691,0.904510484235933
O2Sat,0.8645121224998232,0.9159807652594625,0.9057104336102292,0.9126433313216656,0.8972004816375677,0.8971187207723639
