feature,never_mean,never_n,24-48h,24-48h_n,12-24h,12-24h_n,6-12h,6-12h_n,3-6h,3-6h_n,0-3h,0-3h_n,delta_48_to_3,rel_delta_pct
FiO2,0.5641623658392376,99787,0.5162024381233838,5414,0.5227740863787376,3612,0.5264451827242526,2107,0.520561797752809,1068,0.5307275666936135,1237,0.014525128570229695,2.8138434647915913
Lactate,2.647689947719375,31943,2.557288918205805,1516,2.4123076923076923,1053,2.680643642072214,637,2.7014603174603176,315,2.585600907029478,441,0.02831198882367314,1.1071095104708326
WBC,11.286379072383756,86221,12.316150662251655,2416,12.652510716472749,1633,13.190977917981071,951,13.701623036649217,382,12.75009823182711,509,0.4339475695754551,3.5234025750065014
Creatinine,1.4914523708335863,82355,1.6035755944369672,2229,1.5773258128732583,1507,1.5722897196261683,856,1.500974212034384,349,2.1135613682092558,497,0.5099857737722886,31.8030391296489
Resp,18.587129061057492,1157057,19.836544599361666,29765,20.061709496085122,19924,20.36823712140823,11589,20.576966684109543,5733,20.811356439127376,5684,0.9748118397657102,4.914222005162529
HR,84.12276130552485,1231566,87.76518400555013,31711,88.41223041864399,21283,89.33915463418569,12397,90.45675984959948,6117,91.04859859039502,6101,3.2834145848448912,3.7411356474080355
Temp,36.960421573469894,461604,37.09405279121239,12199,37.13229851503998,7879,37.14644799309452,4634,37.24450243255197,2261,37.38080527752503,2198,0.2867524863126363,0.7730416730861184
MAP,82.45792502743785,1194517,81.66485959112939,31159,81.3886188953072,20947,81.03678078817734,12180,81.45742348636061,6012,80.55112074716477,5996,-1.1137388439646116,-1.3637920270000543
O2Sat,97.1798280034062,1186070,97.32938258881123,31049,97.22885954381752,20825,97.07695486857332,12098,96.92048314041268,5961,96.88473179754499,5947,-0.4446507912662412,-0.45685154825728574
